class,0x,0y,1x,1y,2x,2y,3x,3y,4x,4y,5x,5y,6x,6y,7x,7y,8x,8y,9x,9y,10x,10y,11x,11y,12x,12y,13x,13y,14x,14y,15x,15y,16x,16y,17x,17y,18x,18y,19x,19y,20x,20y,21x,21y,22x,22y,23x,23y,24x,24y,25x,25y,26x,26y,27x,27y,28x,28y,29x,29y,30x,30y,31x,31y,32x,32y
up,313,140,315,134,317,134,319,134,309,134,306,135,304,135,321,136,297,138,316,147,308,146,338,166,278,163,335,121,281,118,321,71,298,73,319,61,302,63,317,61,302,63,317,64,301,67,328,270,282,270,345,289,258,289,350,377,251,378,346,389,255,387,356,400,240,406
down,309,140,312,135,314,135,317,135,306,135,303,135,301,135,321,138,297,139,313,148,304,147,336,172,280,171,338,127,276,137,325,136,288,127,319,138,294,128,317,141,295,136,318,142,294,137,327,269,282,270,344,287,259,287,352,378,251,381,347,390,256,392,359,402,237,405
up,312,141,314,136,316,136,318,136,309,136,306,136,304,136,320,138,298,139,315,148,308,148,336,164,278,161,333,121,285,118,322,72,300,73,321,62,304,63,319,62,304,62,319,65,304,66,326,263,282,262,334,287,270,288,336,381,265,386,333,395,269,398,335,404,258,411
down,309,140,312,135,314,134,317,134,306,135,304,135,302,135,320,138,298,138,313,147,304,147,335,173,281,171,339,129,276,138,326,135,288,128,319,136,294,128,317,137,295,134,318,138,294,136,326,267,283,267,339,288,262,288,346,379,251,383,342,390,256,393,348,403,237,408
up,312,143,314,137,316,137,318,137,308,137,306,137,304,138,320,139,298,140,315,150,308,149,336,166,280,162,331,119,285,116,319,71,297,75,316,64,299,67,314,64,300,66,314,67,300,69,327,268,282,266,348,290,252,292,359,378,243,381,353,392,249,396,367,402,221,406
down,308,141,312,135,314,135,316,135,305,136,303,135,300,135,320,138,296,139,313,149,303,148,335,175,279,173,337,145,275,145,326,128,285,122,321,122,290,117,319,124,291,124,320,127,291,127,327,269,282,269,349,287,252,287,357,379,243,382,351,394,250,393,369,405,221,407
up,312,143,315,137,317,137,319,137,309,137,306,137,304,138,322,139,298,141,316,150,308,149,336,167,281,162,333,121,285,118,321,73,299,76,319,66,303,68,317,66,303,68,317,69,303,71,327,268,282,267,348,289,253,291,359,376,243,381,354,389,249,395,367,400,221,406
down,302,141,307,135,309,135,312,135,301,136,299,136,297,136,317,138,295,140,308,148,299,148,335,175,280,173,338,139,273,143,322,133,283,124,313,130,289,118,312,132,289,128,315,135,289,129,326,270,282,270,349,287,253,287,357,380,244,381,351,394,250,393,369,405,220,407
up,311,141,314,134,316,134,318,134,308,135,305,135,303,135,320,136,297,138,314,148,306,147,335,165,279,162,331,120,282,116,318,72,294,74,314,64,297,66,312,65,298,66,312,67,298,69,327,268,282,266,348,290,253,292,358,377,243,381,353,390,249,395,366,401,222,406
down,310,142,312,135,315,135,317,135,306,136,303,136,301,136,319,137,295,140,314,149,305,149,335,175,280,172,337,138,274,132,322,127,288,126,313,123,295,124,312,125,297,125,315,127,297,128,326,268,283,269,341,284,258,286,348,381,250,385,343,394,255,397,353,406,232,410
up,311,139,314,133,316,133,318,132,308,133,305,133,303,134,320,135,297,137,315,146,307,145,336,164,279,160,331,118,283,114,318,72,295,74,315,64,298,66,313,65,298,66,313,67,298,69,326,267,281,266,346,291,258,291,350,380,250,381,345,393,255,394,352,404,234,409
down,308,139,312,134,314,134,316,134,305,134,303,134,301,134,320,137,296,137,312,146,303,146,336,174,279,169,337,132,275,135,324,132,287,122,318,128,290,120,316,130,291,127,318,131,291,129,327,269,282,269,344,285,258,286,352,380,249,384,349,393,255,395,354,404,232,409
up,311,143,314,138,315,138,317,138,308,138,305,138,303,138,319,140,297,141,314,150,307,150,335,167,280,164,333,122,284,119,321,71,297,74,319,61,300,64,317,60,300,63,316,64,300,66,326,268,281,267,346,289,257,290,350,380,250,381,345,394,255,395,352,405,234,409
down,309,141,313,136,315,136,317,136,306,136,303,136,301,136,321,138,296,140,314,149,304,149,336,173,279,169,337,127,276,128,322,133,292,130,313,134,300,130,313,135,302,133,315,137,300,140,327,270,282,270,344,285,258,285,352,380,249,383,348,394,255,395,354,405,232,410
up,311,147,314,141,316,141,317,141,308,141,305,141,303,141,319,143,298,143,314,154,307,153,335,166,280,162,331,119,284,117,320,71,298,75,318,62,301,66,316,62,302,66,316,66,301,69,326,268,281,267,345,289,257,290,351,381,250,383,346,395,255,396,354,405,233,409
down,309,140,313,135,315,135,317,135,306,135,304,135,302,135,321,138,298,140,313,148,305,147,336,175,282,169,340,128,277,127,321,138,297,133,313,141,305,136,311,143,306,139,313,143,304,140,323,268,281,267,335,286,255,286,336,381,242,386,331,393,248,397,337,408,216,409
up,312,147,314,141,315,141,317,141,308,141,305,140,303,140,318,143,296,143,314,153,307,153,332,165,278,162,330,119,285,120,320,71,298,75,317,62,299,66,315,62,300,65,315,66,300,68,327,266,283,266,346,287,269,292,355,379,262,385,350,395,265,398,361,403,254,411
down,309,141,312,136,314,135,316,135,305,136,303,136,301,136,320,138,296,139,313,148,304,148,335,174,279,169,340,127,274,131,324,131,285,126,315,130,288,121,314,133,291,127,316,134,286,130,326,269,282,270,346,286,267,283,355,378,260,385,350,392,264,396,363,404,250,409
up,302,131,306,124,308,124,311,124,297,124,294,125,290,125,315,126,285,128,307,140,297,140,335,162,264,160,335,106,261,108,316,46,281,50,311,34,289,36,308,33,290,35,308,38,289,39,325,286,270,285,346,320,241,322,352,427,236,437,345,445,242,451,357,459,223,468
down,303,128,307,121,310,122,313,122,298,122,295,122,293,122,318,125,286,127,308,137,297,137,335,165,264,160,337,105,256,105,320,113,283,112,312,114,292,113,310,118,294,115,311,120,292,116,324,286,270,284,348,319,239,318,353,436,235,438,345,453,241,453,359,466,220,469
up,303,131,307,125,309,125,312,125,299,125,296,125,293,125,314,127,287,129,308,140,298,139,335,160,265,156,328,102,265,104,313,43,279,48,307,32,285,35,304,32,286,35,305,36,285,39,322,285,268,284,348,323,239,323,353,427,236,431,344,442,243,446,357,457,229,457
down,303,128,308,122,311,122,314,122,299,122,296,122,293,122,318,127,286,127,308,137,297,137,335,166,264,161,337,111,259,105,321,113,284,112,313,112,292,113,311,116,295,116,312,118,294,116,323,288,270,286,351,321,238,319,354,434,236,440,346,451,242,454,360,462,222,471
up,304,132,308,126,310,126,312,126,300,126,297,126,294,126,316,129,288,130,308,141,299,140,335,160,266,158,331,98,266,105,315,38,283,44,310,26,287,29,306,26,287,28,307,30,288,33,324,286,270,284,350,324,239,322,352,430,236,437,344,443,242,453,356,459,227,469
down,304,129,308,123,311,124,315,124,300,123,297,123,294,124,319,127,288,129,309,139,298,138,335,167,265,160,339,109,258,101,321,120,284,114,313,121,293,116,310,126,295,119,312,127,294,119,323,290,270,287,353,324,237,321,355,435,236,437,347,452,242,452,360,464,221,468
up,304,133,306,126,308,126,310,126,299,127,296,127,293,127,313,128,287,130,308,141,299,140,333,159,266,155,330,101,264,103,315,42,284,47,311,31,290,35,308,31,291,34,308,35,290,38,323,287,268,285,363,323,227,325,371,434,221,433,362,453,231,451,385,464,193,465
down,301,131,306,125,309,125,313,125,297,124,294,124,291,124,317,128,283,128,306,140,294,139,333,166,263,159,334,103,260,97,317,113,283,114,309,113,292,115,306,119,294,118,308,120,292,119,322,286,268,284,348,324,234,322,352,437,226,442,343,452,232,457,357,466,206,469
up,302,131,305,125,307,125,309,125,297,125,294,126,292,126,311,128,286,131,306,139,297,139,333,158,265,155,327,100,262,103,313,41,279,47,308,31,283,34,305,31,285,33,305,34,285,37,324,287,269,284,365,326,216,322,356,428,231,425,346,445,243,444,376,460,195,456
down,301,116,304,113,307,113,309,114,297,113,295,113,293,114,314,119,286,120,306,124,296,124,333,163,262,154,332,102,253,93,314,117,283,103,307,117,293,106,306,122,294,108,307,126,292,110,321,288,268,286,365,325,217,322,358,426,232,426,348,441,241,442,376,462,196,458
up,301,136,304,129,306,129,309,128,296,129,293,129,291,129,311,129,286,131,305,143,295,143,331,156,266,154,325,98,264,100,309,38,279,45,304,29,282,33,301,29,283,32,301,32,284,35,322,287,268,284,365,323,218,322,356,426,231,423,346,442,242,443,376,458,197,453
down,302,134,306,127,309,127,312,126,298,127,295,127,292,127,315,129,284,131,307,143,296,143,331,166,264,158,332,105,257,98,316,119,286,120,308,120,294,122,306,123,296,123,307,125,294,126,321,290,269,289,367,323,216,321,357,425,232,427,347,441,241,442,376,460,197,459
